A & N Islands,Andhra Pradesh,Arunachal Pradesh,Assam,Bihar,Chandigarh,Chhattisgarh,Dadra & Nagar Haveli,Daman & Diu,Delhi,Goa,Gujarat,Haryana,Himachal Pradesh,Jammu & Kashmir,Jharkhand,Karnataka,Kerala,Ladakh,Lakshadweep,Madhya Pradesh,Maharashtra,Manipur,Meghalaya,Mizoram,Nagaland,Odisha,Puducherry,Punjab,Rajasthan,Sikkim,Tamil Nadu,Telangana,Tripura,Uttar Pradesh,Uttarakhand,West Bengal,Miscellaneous,date
"8,600","9,92,329","43,521","3,90,299","8,25,555","32,988","5,69,966","7,180","5,497","5,29,698","56,863","17,70,095","4,16,237","1,65,347","2,79,978","3,89,844","10,31,310","9,00,680","20,711","3,639","8,86,903","17,07,979","54,294","49,834","38,044","34,316","7,53,671","17,811","2,66,337","17,66,615","27,276","8,07,443","4,56,422","1,53,939","18,77,394","3,06,216","15,33,949","12,26,177",2021-04-22
"8,965","10,90,199","45,345","4,04,015","8,55,125","35,042","5,86,677","7,329","5,733","5,44,522","59,251","18,54,012","4,46,236","1,75,221","2,92,340","4,02,509","11,12,415","9,54,462","22,963","3,711","9,02,404","18,15,094","54,818","51,281","39,526","34,908","7,88,530","18,981","2,85,717","18,31,977","30,343","8,83,047","4,79,398","1,73,718","19,43,801","3,19,350","16,41,308","12,43,072",2021-04-23
"9,299","11,26,695","46,515","4,12,917","8,81,886","36,727","6,02,963","7,465","5,920","5,66,310","61,584","19,40,771","4,70,613","1,82,623","3,05,623","4,14,256","11,53,774","10,39,192","24,825","3,781","9,52,623","19,03,207","55,774","51,857","40,351","35,047","7,93,337","19,867","3,07,645","19,09,319","31,870","9,51,710","5,03,820","1,91,495","19,97,363","3,32,316","17,11,451","12,53,302",2021-04-25
"9,527","11,30,670","46,801","4,15,466","9,02,757","37,860","6,16,149","7,523","6,022","5,78,140","62,556","19,88,252","4,80,182","1,85,235","3,11,992","4,19,195","11,78,345","10,45,794","25,222","3,807","9,58,928","19,37,989","55,981","51,894","40,378","35,067","7,94,127","20,098","3,18,959","19,59,506","31,956","9,62,896","5,12,340","1,96,271","20,00,464","3,37,062","17,25,523","12,54,503",2021-04-25
"9,819","12,24,721","48,709","4,40,684","9,42,931","39,947","6,33,858","7,679","6,355","5,99,601","64,730","20,86,790","4,98,967","1,96,724","3,27,649","4,30,672","12,60,560","11,06,058","28,150","3,892","10,03,232","21,37,788","57,219","53,693","42,285","36,752","8,26,957","21,608","3,39,125","20,34,683","34,257","10,43,782","5,42,345","2,26,827","20,63,783","3,54,901","18,66,546","12,65,898",2021-04-26
"10,117","12,73,778","49,922","4,64,022","9,75,544","42,015","6,47,236","7,863","6,623","6,19,171","67,029","21,82,679","5,12,419","2,10,080","3,38,553","4,39,999","13,37,464","11,59,657","30,209","3,947","10,13,987","22,90,991","58,100","55,167","43,697","37,650","8,54,850","23,046","3,52,241","20,81,170","36,666","11,29,976","5,62,851","2,57,028","21,07,488","3,65,797","19,70,756","12,77,571",2021-04-27
"10,376","13,27,070","50,965","4,76,035","10,09,704","44,127","6,61,947","8,072","6,901","6,35,401","68,918","22,67,073","5,28,007","2,21,742","3,51,789","4,49,965","14,12,734","11,76,235","31,915","3,974","10,51,656","23,93,333","58,999","56,629","43,924","38,839","8,74,980","24,656","3,74,137","21,42,588","38,479","11,96,900","5,86,863","2,74,202","21,50,445","3,79,456","20,91,699","12,87,770",2021-04-28
"10,581","13,65,533","52,555","5,02,816","10,48,471","46,218","6,83,619","8,263","7,205","6,66,732","70,944","23,78,124","5,45,954","2,37,777","3,64,162","4,63,774","14,59,600","12,22,823","33,014","4,074","10,54,584","25,10,559","60,069","58,387","44,330","39,817","8,89,346","26,214","3,97,024","21,91,129","40,759","12,55,826","6,02,246","3,08,069","22,28,757","3,95,796","21,85,636","12,97,463",2021-04-29
"10,881","14,67,264","54,324","5,34,496","10,85,837","48,418","7,18,000","8,541","7,597","6,90,332","72,593","24,92,610","5,59,402","2,52,131","3,73,155","4,78,134","15,51,873","13,25,775","33,852","4,197","10,56,496","26,22,675","61,155","59,941","44,733","40,215","9,28,900","28,339","4,25,392","22,24,937","42,883","13,12,353","6,28,544","3,38,806","23,17,497","4,13,882","23,09,974","13,06,755",2021-04-30
"11,113","15,21,734","55,698","5,54,699","11,19,367","49,636","7,44,712","8,656","7,924","7,12,661","73,435","25,89,781","5,65,780","2,61,351","3,81,082","4,89,441","15,99,857","13,56,764","34,471","4,279","11,05,065","26,59,518","61,750","60,630","44,909","40,327","9,33,924","29,158","4,45,009","22,50,711","43,669","13,62,335","6,30,248","3,53,849","23,71,315","4,24,276","23,70,153","13,15,591",2021-05-01
"11,160","15,19,932","56,066","5,56,769","11,45,575","50,277","7,59,407","8,677","8,052","7,11,690","73,720","26,41,791","5,66,615","2,62,692","3,87,799","4,93,777","16,12,764","13,56,416","34,631","4,318","11,08,964","26,65,223","61,754","60,571","44,878","40,345","9,34,584","29,317","4,50,811","22,79,304","43,614","13,67,098","6,29,638","3,57,419","23,71,136","4,27,663","23,73,485","13,15,998",2021-05-02
"11,604","15,36,793","58,650","5,78,883","12,05,221","51,789","7,81,887","8,852","8,386","7,39,324","74,784","27,22,190","5,75,269","2,78,694","4,02,049","5,04,088","16,47,241","14,19,076","35,326","4,484","11,62,769","26,85,938","62,959","61,901","45,096","41,698","9,61,539","30,859","4,61,813","23,42,871","45,732","14,17,446","6,37,119","3,69,401","24,44,846","4,33,875","25,30,899","13,24,158",2021-05-03
"11,941","15,43,745","60,445","5,98,670","12,66,935","53,483","8,00,988","8,978","8,774","7,64,655","75,941","27,61,603","5,91,014","2,96,503","4,11,593","5,15,071","16,73,434","14,66,846","35,581","4,688","11,77,868","27,28,757","63,753","63,092","45,673","43,798","9,76,874","32,118","4,67,985","23,88,375","47,609","14,58,823","6,53,647","3,85,274","25,17,434","4,53,620","26,59,546","13,34,599",2021-05-04
"12,442","16,73,973","62,436","6,08,916","13,24,259","55,201","8,20,441","9,109","9,211","7,76,040","77,408","28,47,755","6,12,047","3,10,746","4,26,826","5,29,807","17,63,750","14,82,075","35,889","4,926","12,69,485","28,66,631","64,707","64,304","45,887","44,667","9,88,008","33,951","4,98,575","24,30,151","49,488","14,96,168","6,85,276","4,01,043","25,85,264","4,84,551","27,41,661","13,45,414",2021-05-05
"12,812","17,94,315","64,735","6,23,496","13,88,358","58,041","8,46,682","9,411","9,723","8,10,452","79,251","29,66,246","6,46,093","3,33,536","4,43,821","5,41,344","18,45,420","15,67,209","36,198","5,108","13,43,950","30,81,145","65,545","65,907","46,324","45,612","10,21,844","36,027","5,28,423","24,69,122","51,377","15,53,407","7,15,976","4,25,865","26,59,209","5,21,939","28,16,845","13,54,466",2021-05-06
"13,166","18,61,719","67,424","6,41,676","14,32,083","60,380","8,65,210","9,738","10,356","8,22,549","81,236","30,83,689","6,84,732","3,49,372","4,64,090","5,54,458","19,22,619","17,00,323","36,337","5,344","13,56,097","32,34,269","66,332","67,200","46,817","46,252","10,82,478","38,136","5,56,162","25,43,148","53,764","16,08,046","7,45,850","4,49,290","27,25,710","5,54,298","30,30,490","13,63,258",2021-05-07
"13,455","19,73,448","69,838","6,56,209","14,70,862","62,993","8,83,731","10,005","10,765","8,61,391","83,002","31,99,277","7,12,044","3,59,630","4,80,864","5,69,702","20,18,208","17,64,559","36,486","5,500","14,31,775","33,16,183","66,875","67,895","46,989","46,344","11,33,636","39,978","5,84,564","26,49,328","54,363","16,44,773","8,13,954","4,64,774","27,78,193","5,80,745","31,27,188","13,69,593",2021-05-08
"13,456","19,81,496","70,509","6,60,218","14,85,064","64,405","8,92,905","10,159","10,898","8,62,006","83,450","32,89,086","7,28,713","3,62,947","4,85,248","5,78,882","20,49,657","17,64,719","36,490","5,795","14,32,900","33,48,054","66,896","67,911","46,989","46,358","11,37,479","40,293","6,00,290","26,76,008","54,501","16,56,733","8,15,051","4,66,520","27,78,728","5,95,178","31,35,928","13,69,816",2021-05-09
"13,805","19,82,726","74,087","6,85,832","15,45,543","66,763","9,27,490","10,477","11,341","9,09,119","85,124","34,52,009","7,78,346","3,79,898","5,00,169","5,96,007","21,29,813","18,49,301","36,741","6,113","15,12,397","34,87,664","68,017","69,641","48,687","47,871","12,47,741","42,730","6,35,567","27,32,304","56,040","17,14,175","9,06,394","4,83,620","28,52,627","6,31,832","32,61,016","13,76,565",2021-05-10
"14,015","20,11,929","76,144","7,09,001","16,09,338","68,712","9,61,949","10,778","11,700","9,54,260","87,136","36,47,949","8,20,235","3,94,726","5,14,862","6,16,335","22,41,042","19,01,898","36,897","6,342","15,26,316","36,44,405","69,013","71,389","50,260","49,549","13,20,253","44,474","6,69,413","28,43,922","57,000","17,59,180","9,83,048","4,96,365","29,29,331","6,60,526","33,61,343","13,85,222",2021-05-11
"14,245","20,43,245","76,499","7,14,213","16,28,241","69,769","9,84,556","10,882","11,940","9,66,756","88,926","37,15,416","8,39,944","4,01,731","5,18,548","6,30,878","23,05,369","19,27,844","37,003","6,448","15,85,930","38,11,996","69,225","72,250","50,405","50,247","13,50,572","45,919","6,83,655","28,98,602","57,477","18,01,679","10,07,437","4,98,748","30,06,688","6,66,114","35,14,495","13,91,984",2021-05-12
"14,618","20,80,601","77,223","7,23,125","16,47,942","70,928","10,15,880","11,244","12,408","10,07,326","90,824","38,15,327","8,72,509","4,17,413","5,20,482","6,43,953","23,49,633","19,44,711","37,110","6,485","16,29,753","40,25,544","69,492","73,293","50,700","51,321","13,70,906","47,682","6,93,559","29,40,742","59,026","18,44,743","10,36,096","5,02,556","31,12,966","6,70,832","36,42,664","13,97,541",2021-05-13
"14,618","20,94,993","77,566","7,26,365","16,61,464","72,118","10,48,742","11,705","13,052","10,08,618","92,524","38,21,613","8,95,230","4,24,042","5,26,627","6,52,498","24,06,768","19,68,691","37,110","6,485","16,31,210","41,24,773","69,560","73,859","50,839","51,642","13,94,107","49,101","6,97,985","29,57,371","59,573","18,68,492","10,62,232","5,03,059","31,77,256","6,75,687","36,76,768","13,97,541",2021-05-14
"14,921","21,75,256","77,805","7,30,261","16,76,244","73,676","10,78,265","11,886","13,980","10,57,950","94,247","38,23,346","9,10,016","4,32,715","5,32,105","6,63,509","25,00,492","19,96,495","37,249","6,494","16,88,763","42,20,839","69,699","74,047","50,900","51,728","14,02,985","50,429","7,02,784","29,78,191","59,585","18,98,439","10,62,391","5,04,009","32,57,469","6,80,073","37,16,314","14,03,133",2021-05-16
"14,926","22,24,905","77,835","7,40,123","16,82,392","73,928","10,80,104","11,886","13,986","10,77,528","94,347","38,23,422","9,13,102","4,32,780","5,32,718","6,65,327","25,21,102","20,08,215","37,252","6,513","17,08,577","42,49,319","69,770","74,078","50,902","51,742","14,10,472","50,570","7,04,463","29,82,610","59,606","19,12,112","10,62,599","5,04,066","32,75,889","6,80,224","37,36,383","14,09,149",2021-05-17
"14,929","22,79,714","77,880","7,48,119","16,90,243","74,107","10,81,314","11,886","13,991","10,94,619","94,422","38,23,467","9,15,973","4,32,884","5,33,068","6,66,485","25,32,660","20,16,073","37,256","6,521","17,11,025","42,69,980","69,848","74,091","50,908","51,763","14,17,510","50,641","7,06,941","29,87,117","59,610","19,22,153","10,63,960","5,04,172","32,89,048","6,80,283","37,54,843","14,15,896",2021-05-18
"14,941","23,03,986","77,888","7,52,691","16,96,450","74,202","10,82,817","11,887","13,993","11,01,743","94,502","38,23,515","9,18,335","4,32,947","5,33,198","6,68,230","25,46,400","20,18,250","37,256","6,541","17,24,085","42,97,784","69,915","74,107","50,911","51,772","14,24,553","50,683","7,08,758","29,92,846","59,610","19,30,160","10,66,629","5,04,185","32,98,622","6,80,315","37,70,294","14,21,121",2021-05-19
"15,149","23,17,398","77,918","7,60,376","17,14,512","74,308","10,87,151","11,904","13,997","11,23,011","94,552","38,55,643","9,31,272","4,32,961","5,34,917","6,72,827","25,71,677","20,19,206","37,257","6,872","17,35,218","43,41,785","69,979","74,124","50,978","51,838","14,31,856","50,775","7,15,874","30,06,023","59,615","19,52,159","10,70,313","5,06,727","33,14,026","6,80,791","37,87,295","14,25,899",2021-05-20
"15,151","23,39,645","77,928","7,67,198","17,21,463","74,413","10,88,949","11,904","13,997","11,31,811","94,635","38,71,340","9,38,276","4,33,056","5,35,660","6,74,849","26,00,983","20,19,936","37,257","6,912","17,42,920","43,64,605","70,024","74,146","50,982","51,843","14,36,139","50,790","7,20,220","30,15,797","59,627","19,57,146","10,70,665","5,06,752","33,29,388","6,80,831","38,02,876","14,31,227",2021-05-21
"15,152","23,49,884","78,008","7,80,858","17,34,049","74,614","10,91,581","11,907","13,997","11,51,602","94,683","39,19,162","9,50,206","4,33,118","5,37,975","6,78,491","26,20,370","20,19,976","37,257","6,926","17,54,446","43,89,828","70,061","74,149","50,982","51,845","14,40,858","50,854","7,30,329","30,30,032","59,629","19,62,538","10,73,412","5,06,808","33,44,794","6,81,001","38,14,903","14,35,428",2021-05-23
"15,152","23,65,953","78,030","7,96,080","17,40,475","74,645","10,93,424","11,909","13,999","11,65,939","94,709","39,41,698","9,54,787","4,33,145","5,39,351","6,81,065","26,31,866","20,20,084","37,263","6,933","17,62,138","44,06,325","70,102","74,175","51,045","51,849","14,45,240","50,889","7,35,870","30,39,768","59,629","19,66,455","10,75,607","5,06,924","33,63,047","6,81,290","38,26,830","14,39,935",2021-05-24
"15,154","23,74,331","78,100","8,08,417","17,47,849","74,683","10,95,115","11,911","14,002","11,76,447","94,743","39,67,609","9,60,276","4,33,243","5,40,117","6,84,219","26,41,136","20,20,210","37,264","6,935","17,63,113","44,20,595","70,157","74,202","51,058","51,861","14,48,470","50,925","7,44,101","30,50,825","59,633","19,70,591","11,26,648","5,07,029","33,79,393","6,81,667","38,35,335","14,45,499",2021-05-25
"15,154","23,83,116","78,111","8,13,577","17,54,468","74,697","10,96,622","11,912","14,007","11,79,883","94,783","39,91,433","9,64,257","4,33,284","5,40,479","6,86,359","26,51,330","20,20,297","37,264","6,935","17,63,210","44,31,707","70,172","74,206","51,060","51,875","14,48,686","50,956","7,48,350","30,58,955","59,633","19,73,620","11,75,633","5,07,111","33,92,753","6,81,803","38,36,569","14,46,279",2021-05-26
"15,157","2,394,589","78,125","819,055","1,759,568","74,732","1,097,839","11,925","14,012","1,185,319","94,820","4,019,309","972,444","433,299","541,062","688,304","2,669,729","2,022,091","37,275","6,938","1,771,760","4,458,657","70,212","74,233","51,070","51,888","1,453,617","50,996","752,357","3,064,986","59,635","1,978,147","1,208,309","507,211","3,406,590","682,047","3,842,006","1,451,255",2021-05-27
"15,162","24,12,785","78,208","8,23,443","17,64,654","74,826","10,99,997","11,933","14,018","11,88,733","94,885","40,56,693","9,80,559","4,33,542","5,41,852","6,93,382","26,98,966","20,24,952","37,278","6,941","17,77,662","44,87,246","70,273","74,281","51,085","51,920","14,64,054","51,051","7,56,550","30,78,637","59,648","19,95,551","12,29,488","5,07,489","34,24,389","6,82,624","38,52,295","14,56,140",2021-05-28
"15,166","24,81,682","78,270","8,27,224","17,73,194","74,854","11,02,124","11,938","14,020","12,03,863","94,961","40,90,179","9,88,326","4,33,608","5,42,836","7,00,325","27,20,968","20,44,763","37,279","6,944","17,84,230","45,21,400","70,336","74,321","51,087","51,930","14,70,637","51,110","7,61,752","30,91,104","59,653","20,13,165","12,45,295","5,07,573","34,49,797","6,83,083","38,64,000","14,56,140",2021-05-29
"15,166","24,84,464","78,272","8,28,758","17,79,574","74,857","11,03,284","11,938","14,021","12,04,281","94,979","41,14,789","9,90,430","4,33,612","5,43,404","7,04,510","27,30,250","20,50,547","37,279","6,945","17,84,434","45,32,241","70,337","74,324","51,087","51,930","14,70,658","51,138","7,65,153","30,98,305","59,653","20,18,876","12,48,050","5,07,578","34,50,316","6,83,288","38,65,890","14,56,140",2021-05-30
"15,181","25,12,379","78,329","8,33,156","17,91,507","74,901","11,05,870","11,941","14,033","12,24,334","95,100","41,44,949","9,95,845","4,33,621","5,46,074","7,10,024","27,53,565","20,68,520","37,290","6,946","17,92,248","45,69,691","70,445","74,340","51,117","51,942","14,77,093","51,214","7,70,462","31,16,184","59,661","20,32,685","12,61,921","5,07,671","34,80,426","6,83,922","38,79,574","14,62,311",2021-05-31
"15,186","25,29,929","78,397","8,37,436","18,03,082","74,933","11,13,067","11,944","14,046","12,41,241","95,218","41,78,187","10,01,332","4,33,763","5,49,856","7,15,016","27,72,995","20,88,912","37,291","6,947","17,93,545","46,16,240","70,520","74,370","51,144","51,951","14,83,088","51,290","7,75,818","31,33,405","59,673","20,49,689","12,72,112","5,07,716","35,05,447","6,84,445","38,93,629","14,62,311",2021-06-01
"15,190","25,47,794","78,464","8,40,291","18,12,319","74,960","11,17,039","11,947","14,058","12,49,311","95,401","42,02,315","10,04,697","4,33,830","5,53,591","7,21,147","27,90,867","21,03,497","37,295","6,949","18,01,330","46,51,517","70,628","74,399","51,152","51,983","14,86,865","51,365","7,79,977","31,50,616","59,691","20,61,988","12,78,900","5,07,776","35,32,960","6,84,980","39,02,916","14,68,528",2021-06-02
"15,198","25,54,317","78,541","8,42,935","18,20,872","74,991","11,21,715","11,952","14,062","12,64,584","95,603","42,32,552","10,09,333","4,33,909","5,57,041","7,26,211","28,10,673","21,19,043","37,300","6,951","18,12,241","46,79,276","70,711","74,433","51,171","51,998","14,91,547","51,443","7,84,093","31,64,778","59,697","20,74,419","12,86,784","5,07,852","35,61,731","6,85,595","39,15,428","14,72,371",2021-06-03
"15,206","25,67,253","78,575","8,45,254","18,30,578","75,043","11,25,795","11,962","14,073","12,69,663","95,934","42,61,375","10,13,804","4,34,078","5,61,218","7,32,219","28,35,591","21,37,416","37,301","6,960","18,18,238","47,27,545","70,790","74,455","51,215","52,038","14,98,077","51,528","7,88,913","31,90,408","59,712","20,85,072","12,94,817","5,07,979","35,95,560","6,86,353","39,30,952","14,75,029",2021-06-04
"15,222","25,72,432","78,600","8,47,751","18,39,054","75,096","11,30,671","11,977","14,083","12,84,915","96,246","42,85,840","10,17,889","4,34,189","5,64,795","7,38,605","28,61,821","21,56,608","37,306","6,968","18,32,494","47,71,315","70,916","74,461","51,215","52,039","15,04,884","51,628","7,92,977","32,17,034","59,713","20,93,048","13,01,765","5,08,044","36,27,227","6,86,962","39,40,815","14,77,310",2021-06-05
"15,222","25,76,273","78,613","8,50,335","18,46,826","75,108","11,32,647","11,977","14,088","12,85,767","96,283","42,99,370","10,19,745","4,34,203","5,65,694","7,42,801","28,69,463","21,60,135","37,306","6,971","18,35,020","47,84,458","70,916","74,461","51,215","52,045","15,05,041","51,654","7,94,838","32,29,606","59,713","20,95,831","13,03,149","5,08,061","36,28,984","6,87,405","39,42,887","14,77,598",2021-06-06
"15,250","25,83,684","78,679","8,55,435","18,57,120","75,225","11,35,792","11,984","14,099","13,18,154","96,496","43,26,696","10,25,177","4,34,456","5,69,222","7,48,926","28,91,221","21,70,392","37,320","6,979","18,51,749","48,52,055","70,995","74,502","51,410","52,079","15,24,319","51,823","7,99,057","32,56,747","59,724","21,02,648","13,10,592","5,08,241","36,55,756","6,88,565","39,60,543","14,79,867",2021-06-07
"15,276","25,87,502","78,725","8,60,578","18,68,803","75,305","11,39,374","11,996","14,148","13,40,732","96,721","43,62,132","10,30,504","4,34,776","5,72,869","7,54,948","29,11,240","21,88,119","37,332","6,986","18,55,233","49,32,788","71,104","74,530","51,576","52,134","15,45,369","51,965","8,03,134","32,81,311","59,734","21,07,162","13,16,874","5,08,430","36,78,606","6,89,460","39,73,884","14,79,867",2021-06-08
"15,287","25,96,769","78,796","8,68,070","18,78,731","75,407","11,44,068","12,002","14,161","13,63,193","96,936","44,01,328","10,34,755","4,34,946","5,74,430","7,61,387","29,33,353","21,97,075","37,340","7,020","18,75,515","50,08,476","71,208","74,599","51,870","52,166","15,66,700","52,189","8,05,969","32,97,804","59,759","21,10,972","13,23,042","5,08,536","37,01,174","6,90,452","39,85,843","14,82,420",2021-06-09
"15,300","26,04,950","78,911","8,90,211","18,87,545","75,504","11,48,482","12,010","14,184","13,94,163","97,178","44,55,800","10,43,738","4,35,278","5,77,100","7,65,855","29,53,042","22,09,625","37,355","7,028","18,91,192","50,66,556","71,293","74,647","51,887","52,281","15,80,772","52,406","8,09,166","33,08,308","59,773","21,14,309","13,28,962","5,08,864","37,28,751","6,91,433","39,95,296","14,84,920",2021-06-10
"15,319","26,10,233","78,990","9,04,555","18,97,336","75,613","11,52,793","12,031","14,258","14,12,047","97,513","45,06,234","10,54,411","4,35,642","5,79,658","7,72,972","29,79,262","22,22,471","37,357","7,039","18,97,094","51,16,063","71,407","74,661","52,035","52,318","16,06,999","52,603","8,13,356","33,21,624","59,786","21,22,163","13,35,190","5,09,165","37,63,040","6,92,620","40,16,602","14,87,695",2021-06-11
"15,348","26,19,733","79,029","9,17,265","19,06,380","75,717","11,57,096","12,045","14,298","14,40,397","97,839","45,45,438","10,61,823","4,35,972","5,82,241","7,85,402","30,05,323","22,36,193","37,375","7,063","19,41,120","51,70,756","71,428","74,687","52,319","52,321","16,29,715","52,818","8,17,006","33,33,728","59,794","21,42,315","13,41,443","5,12,535","37,94,632","6,94,797","40,37,759","14,90,437",2021-06-12
"15,348","26,22,690","79,041","9,28,155","19,12,589","75,739","11,59,860","12,045","14,302","14,42,900","97,879","45,72,559","10,64,765","4,35,973","5,82,955","7,98,358","30,11,942","22,38,447","37,375","7,073","19,50,285","51,81,057","71,437","74,696","52,319","52,332","16,31,043","52,877","8,72,028","33,38,215","59,794","21,51,121","13,42,756","5,12,652","37,95,916","6,98,506","40,41,058","14,91,542",2021-06-13
"1,31,036","1,19,29,606","4,14,576","48,06,482","1,20,18,966","4,05,014","72,12,530","1,22,063","1,44,818","60,88,651","6,38,579","2,02,70,296","67,69,726","25,87,593","36,76,105","50,97,806","1,69,55,711","1,12,12,878","1,91,052","46,759","1,39,29,901","2,59,09,023","5,37,827","5,03,153","3,44,044","3,36,052","89,75,062","3,26,786","56,97,767","1,97,02,073","2,73,492","1,08,42,928","79,54,551","16,60,575","2,29,56,010","33,19,176","1,76,40,004","32,20,630",
"15,368","26,35,559","79,111","9,54,251","19,22,683","75,846","11,86,837","12,071","14,342","14,63,616","98,506","46,07,094","10,76,127","4,35,974","5,85,201","8,15,133","30,40,727","22,66,014","37,387","7,080","19,90,371","52,33,018","71,562","74,726","52,350","52,396","16,53,991","53,138","8,22,098","33,47,037","59,831","21,67,332","13,47,838","5,16,990","38,36,897","7,05,783","40,68,319","14,94,722",2021-06-14
"15,390","26,40,218","79,233","9,67,540","19,31,895","76,037","11,92,934","12,096","14,400","14,88,293","98,827","46,40,786","10,88,141","4,36,282","5,87,340","8,30,603","30,68,222","23,26,025","37,397","7,099","19,96,686","52,81,293","71,616","74,776","52,393","52,465","16,82,551","53,457","8,26,947","33,53,681","59,833","21,77,116","13,52,504","5,20,273","38,75,540","7,13,802","41,08,521","14,97,881",2021-06-15
"15,413","26,43,539","79,354","9,80,081","19,53,539","76,204","11,97,594","12,120","14,485","15,06,598","99,196","46,69,903","10,98,832","4,36,606","5,88,593","8,45,079","30,98,446","23,58,420","37,414","7,106","20,24,222","53,28,026","71,698","74,826","52,406","52,571","17,19,081","53,957","8,31,134","33,59,935","59,845","21,97,541","13,57,754","5,22,437","39,10,074","7,19,094","41,20,167","14,97,881",2021-06-16
"15,442","26,45,044","79,433","10,02,414","19,86,711","76,392","12,02,138","12,151","14,524","15,36,175","99,642","47,00,422","11,16,401","4,37,077","5,91,612","8,58,242","31,24,342","23,87,717","37,436","7,109","20,39,988","53,72,219","71,804","74,925","52,635","52,827","17,49,729","54,602","8,36,980","33,65,106","59,876","22,16,577","13,64,764","5,26,702","39,47,686","7,24,798","41,47,260","14,97,881",2021-06-17
"15,460","26,48,335","79,504","10,30,596","20,15,574","76,617","12,07,020","12,185","14,563","15,51,300","1,00,182","47,39,896","11,31,018","4,38,298","5,96,441","8,75,889","31,55,782","24,04,008","37,444","7,116","20,43,101","54,12,382","71,979","74,990","52,653","52,965","17,73,752","55,101","8,42,827","33,70,894","59,894","22,31,555","13,72,240","5,31,847","39,86,514","7,28,699","41,88,380","15,00,501",2021-06-18
"15,497","27,38,608","79,633","10,65,467","20,48,930","77,035","12,16,523","12,254","14,677","15,78,381","1,00,873","48,18,294","11,48,374","4,40,202","6,02,212","9,08,891","32,25,145","24,39,024","37,470","7,145","20,53,576","54,83,182","72,121","75,065","52,652","53,011","18,08,411","56,089","8,56,043","34,28,930","59,906","22,64,046","13,85,008","5,38,996","40,23,450","7,33,986","42,72,006","15,04,011",2021-06-20
"15,520","27,44,859","79,760","10,85,784","20,72,605","77,232","12,30,303","12,288","14,738","15,95,966","1,01,345","48,85,905","11,84,543","4,40,202","6,06,130","9,26,014","33,08,324","25,49,313","37,482","7,154","21,36,505","55,34,119","72,264","75,223","52,806","53,143","18,40,090","56,896","8,65,055","34,78,097","59,938","22,90,247","13,94,386","5,44,039","40,61,935","7,37,689","43,50,152","15,06,662",2021-06-21
"15,556","27,50,996","80,011","11,02,926","20,94,316","77,595","12,47,171","12,345","14,895","16,14,554","1,02,213","49,57,546","12,04,866","4,40,210","6,10,811","9,44,328","33,45,137","26,42,436","37,523","7,204","21,39,537","56,08,738","72,370","75,392","52,862","53,395","18,66,959","57,866","8,78,545","35,45,678","59,978","23,11,335","14,05,135","5,51,437","41,01,579","7,41,777","44,13,123","15,06,662",2021-06-22
"15,591","27,58,924","80,118","11,20,548","21,12,759","77,947","12,69,668","12,397","15,074","16,25,636","1,02,993","50,32,349","12,18,543","4,40,232","6,15,567","9,63,126","33,77,106","27,15,927","37,551","7,241","21,98,101","56,71,918","72,480","75,549","53,016","53,710","18,90,915","59,158","8,90,491","35,88,779","60,026","23,34,154","14,15,734","5,56,560","41,40,430","7,45,556","44,83,433","15,11,796",2021-06-23
"15,772","28,16,697","80,580","11,35,046","21,34,652","78,621","13,07,769","12,820","15,314","16,45,403","1,04,121","51,33,723","12,33,166","4,49,893","6,21,477","9,78,539","34,17,534","27,97,468","39,413","7,293","22,50,841","57,30,047","72,600","75,958","53,086","54,520","19,26,180","60,285","9,07,022","36,20,647","60,800","23,74,498","14,29,474","5,62,472","41,91,954","7,50,877","45,50,426","15,13,885",2021-06-24
"15,846","28,44,212","80,744","11,52,586","21,56,756","79,844","13,55,541","13,660","16,004","16,64,891","1,05,658","52,17,941","12,71,698","4,61,951","6,29,715","9,94,750","34,76,929","29,01,942","43,402","7,376","22,57,638","58,27,552","72,808","76,211","53,195","54,796","19,67,738","61,352","9,35,925","37,40,339","61,526","24,22,366","14,49,466","5,66,572","42,58,859","7,58,285","46,41,195","15,13,885",2021-06-25
"16,301","29,06,639","81,339","11,82,871","21,75,209","81,558","14,18,536","14,943","16,966","17,00,206","1,07,791","53,26,330","12,98,060","4,71,864","6,39,077","10,11,406","35,33,238","29,77,412","47,338","7,494","23,56,827","59,85,707","73,048","76,506","53,240","54,845","20,22,911","62,832","9,67,308","37,96,534","61,597","24,70,145","14,76,773","5,73,672","43,21,651","7,68,022","47,23,595","15,15,727",2021-06-26
"16,306","29,10,171","81,866","11,86,267","21,82,032","82,381","14,68,963","15,656","17,309","17,02,823","1,08,743","53,87,325","13,07,304","4,71,889","6,45,594","10,28,742","35,54,331","29,94,428","47,925","7,516","23,59,925","60,14,297","73,067","76,522","53,240","54,869","20,30,467","63,226","9,78,243","38,38,633","61,597","24,86,780","14,85,529","5,74,902","43,25,246","7,71,457","47,46,182","15,17,666",2021-06-27
"17,435","29,74,695","82,977","12,11,485","21,94,565","84,063","15,28,567","17,029","18,496","17,42,820","1,11,157","54,58,033","13,47,754","4,79,217","6,58,346","10,45,915","36,39,500","30,99,039","51,712","7,644","23,92,384","61,83,394","73,373","77,462","53,460","55,992","21,00,480","64,671","9,88,120","38,83,011","64,574","25,14,570","15,14,891","5,84,819","44,10,414","7,84,497","48,63,946","15,17,666",2021-06-28
"18,542","30,42,318","83,739","12,23,549","22,05,858","85,860","15,74,384","18,279","19,605","17,80,228","1,13,745","55,35,746","13,88,784","4,88,568","6,66,012","10,58,567","36,83,593","32,00,150","54,372","7,914","23,93,985","62,94,973","73,782","78,628","53,993","57,905","21,36,843","65,565","9,96,051","39,14,073","67,949","25,46,796","15,45,519","5,90,952","44,68,894","8,03,295","49,82,743","15,19,168",2021-06-29
"19,823","31,16,201","84,530","12,30,867","22,15,545","87,576","16,00,677","19,228","21,006","18,04,655","1,16,566","56,21,236","14,23,139","5,14,786","6,80,870","10,64,300","37,39,413","32,54,223","56,034","7,921","23,96,391","63,71,846","74,141","79,481","54,369","59,874","21,48,249","67,068","10,02,728","39,80,702","72,304","25,69,324","15,77,710","5,94,420","44,88,619","8,21,974","50,56,919","15,21,424",2021-06-30
"21,198","31,80,380","85,707","12,49,746","22,52,463","89,353","16,18,315","20,350","22,073","18,36,645","1,19,193","57,07,513","14,67,974","5,46,919","6,93,765","10,72,062","37,87,022","33,26,979","57,372","8,027","25,45,187","64,68,296","74,460","80,944","55,599","61,992","21,55,500","68,346","10,07,215","40,06,987","76,184","25,99,021","16,04,298","5,99,487","45,86,490","8,36,737","51,09,791","15,22,551",2021-07-01
"22,887","32,33,212","87,483","12,75,928","23,32,558","91,711","16,30,971","21,470","23,225","18,66,900","1,22,950","57,92,629","15,14,764","5,76,798","7,22,113","10,77,690","38,58,937","34,87,684","57,988","8,252","25,48,587","65,97,723","75,100","82,654","57,722","64,082","21,62,831","69,834","10,18,375","40,30,244","81,810","26,48,165","16,39,786","6,08,325","47,03,917","8,47,666","53,01,150","15,23,721",2021-07-02
"24,773","32,68,484","89,461","12,94,608","23,96,030","94,952","16,83,015","22,747","24,885","19,06,836","1,27,808","58,99,773","15,54,725","6,07,655","7,46,876","11,11,158","40,37,786","36,01,746","58,330","8,548","28,12,686","68,56,957","75,690","83,498","59,673","64,467","22,06,539","72,027","11,84,756","43,37,542","85,181","27,14,557","16,92,217","6,14,628","48,20,131","8,63,059","54,55,784","15,24,557",2021-07-03
"25,173","32,71,472","90,277","12,99,534","24,20,710","96,710","17,13,403","23,265","25,147","19,10,688","1,30,578","59,80,271","15,69,705","6,07,686","7,54,724","11,47,181","40,86,710","36,10,500","58,348","8,590","28,19,017","68,94,863","75,922","83,879","59,673","65,429","22,20,081","73,723","12,17,548","43,67,709","85,183","27,32,378","17,02,925","6,15,117","48,26,538","8,78,599","54,94,551","15,24,557",2021-07-04
"29,266","33,17,584","94,056","13,09,982","24,49,596","99,404","17,48,422","24,211","26,655","19,39,807","1,36,535","60,81,045","16,08,298","6,59,342","7,70,582","11,74,660","42,19,905","36,85,733","59,127","8,963","32,27,671","69,86,438","77,454","85,910","62,963","68,975","23,70,621","78,465","12,34,983","43,84,950","92,194","27,67,357","17,52,938","6,20,862","50,12,080","9,13,800","56,74,459","15,25,929",2021-07-05
"35,088","33,35,328","97,418","13,15,716","24,80,073","1,02,146","17,63,217","25,234","27,674","19,55,333","1,41,261","61,50,594","16,33,480","7,17,807","7,80,541","12,16,827","43,07,475","37,39,556","59,794","9,288","32,36,461","71,42,815","78,813","88,768","65,647","73,648","25,05,430","84,623","12,42,647","43,93,818","98,958","27,92,816","17,92,592","6,24,699","52,09,652","9,41,582","58,22,638","15,27,259",2021-07-06
"40,529","33,54,510","1,01,318","13,18,030","24,97,336","1,04,659","17,70,209","25,990","28,616","19,65,905","1,47,076","61,53,541","16,49,543","7,66,163","7,94,594","12,38,711","43,84,445","37,64,310","60,177","9,763","34,98,980","73,98,150","81,102","90,901","69,749","78,500","25,89,364","90,138","13,12,896","44,44,967","1,04,480","28,14,007","18,10,039","6,26,396","53,75,629","9,57,668","59,12,029","15,27,259",2021-07-07
"45,356","33,68,492","1,04,981","13,20,968","25,84,950","1,07,119","18,03,979","26,641","29,487","20,13,480","1,51,365","61,57,088","16,67,304","8,06,114","8,10,355","12,48,099","44,47,263","38,28,293","60,415","10,127","36,69,210","75,22,771","82,292","93,824","77,211","82,677","26,52,090","95,606","13,23,363","45,47,860","1,10,041","28,79,848","18,56,644","6,31,163","55,32,965","9,70,930","60,62,514","15,29,424",2021-07-08
"51,673","33,79,662","1,08,549","13,28,658","26,39,043","1,10,610","18,46,188","27,625","30,248","20,49,346","1,58,124","61,59,886","17,13,107","8,38,929","8,16,684","12,54,799","45,67,725","39,58,218","60,561","10,455","36,73,641","75,88,525","83,777","96,032","86,722","86,701","26,93,487","1,00,944","13,29,096","45,89,904","1,15,683","29,18,241","19,19,742","6,37,853","56,89,999","9,82,302","62,20,264","15,30,523",2021-07-09
"56,716","35,24,470","1,12,679","13,52,045","26,85,174","1,17,097","18,70,157","28,904","31,430","20,80,422","1,70,968","63,41,638","17,54,981","8,58,062","8,35,458","12,88,741","47,03,519","41,41,963","60,730","10,741","37,91,057","78,22,426","84,767","97,618","88,062","88,846","27,18,827","1,10,044","13,45,592","46,86,607","1,18,462","29,68,689","19,87,596","6,48,572","58,01,264","9,93,205","64,24,246","15,31,874",2021-07-11
"1,68,329","1,36,80,584","6,00,181","68,97,620","1,61,94,053","5,00,328","85,25,185","2,57,480","2,18,563","68,43,441","9,35,700","2,16,94,626","81,53,323","34,27,554","43,39,497","64,00,885","2,10,87,588","1,16,33,745","1,82,438","48,058","2,01,57,526","2,89,82,589","7,94,059","7,23,853","5,88,467","5,12,320","1,07,74,116","4,93,551","69,86,755","2,17,46,650","4,45,999","1,47,81,129","1,05,33,402","20,74,754","3,17,59,463","39,30,271","1,77,98,492","17,40,207",2021-07-12
"2,30,498","1,73,57,995","7,17,185","82,66,714","1,89,47,260","6,20,721","1,04,01,331","2,86,917","2,50,704","89,37,940","11,13,781","2,81,23,062","99,30,321","43,19,327","51,96,562","76,94,681","2,58,83,066","1,59,11,448","2,43,556","59,081","2,39,73,514","3,70,24,796","8,80,377","8,24,342","6,85,029","6,06,945","1,35,03,117","6,10,137","84,15,547","2,64,49,174","5,70,259","1,78,47,879","1,25,90,110","27,33,797","3,76,99,060","49,31,189","2,43,57,299","32,72,925",
"66,257","37,72,529","1,20,871","13,84,441","27,81,473","1,23,378","18,79,369","29,904","32,703","21,31,485","1,84,671","65,16,391","18,35,038","9,28,925","8,69,421","13,48,348","48,46,702","43,66,383","61,509","11,504","38,18,260","81,68,543","90,079","1,03,914","1,03,294","99,423","27,47,474","1,19,030","14,47,226","49,33,431","1,25,036","31,43,822","21,21,117","6,67,511","60,84,096","10,21,926","66,91,305","15,33,607",2021-07-13
"2,40,646","1,78,36,272","7,27,907","83,72,635","1,91,83,585","6,38,707","1,05,53,461","2,95,347","2,54,180","90,88,718","11,32,862","2,84,94,303","1,01,16,538","44,16,349","52,69,715","78,73,731","2,62,11,773","1,61,07,533","2,45,706","60,062","2,41,64,013","3,75,16,773","9,13,430","8,41,218","6,98,676","6,20,563","1,36,70,765","6,22,162","85,22,327","2,70,19,251","5,75,049","1,83,03,910","1,28,20,480","27,70,522","3,85,52,627","49,79,192","2,47,12,787","32,74,160",
"69,670","38,49,058","1,24,519","14,32,392","28,26,509","1,26,141","19,12,960","30,330","33,360","21,51,254","1,90,273","65,19,179","18,63,321","9,55,322","8,75,881","13,84,907","49,53,534","44,18,383","61,717","11,884","39,13,569","83,66,620","94,504","1,06,983","1,08,960","1,04,707","28,21,725","1,21,654","14,57,346","51,05,106","1,25,587","32,26,031","21,33,726","6,73,197","61,71,492","10,56,218","68,98,498","15,34,472",2021-07-14
"72,480","38,87,767","1,29,122","14,70,340","29,36,264","1,29,198","19,33,214","30,703","33,811","21,63,251","1,95,403","66,06,578","18,91,587","9,78,157","9,11,461","13,98,718","50,04,572","45,04,145","61,903","12,364","39,86,864","85,44,945","97,643","1,11,547","1,16,269","1,09,121","29,24,665","1,23,679","14,63,825","51,27,110","1,30,608","32,87,279","22,00,543","6,82,453","63,08,010","11,00,284","70,26,027","15,35,668",2021-07-15
"74,953","39,96,596","1,33,302","14,97,988","30,04,482","1,32,606","19,39,507","31,059","34,367","21,88,248","2,00,827","66,95,070","19,55,894","10,01,930","9,48,165","14,60,240","51,09,400","45,67,395","62,019","12,744","39,88,845","88,41,609","1,00,173","1,16,645","1,25,152","1,11,824","29,96,773","1,25,866","15,37,444","52,14,913","1,34,333","33,74,362","23,15,143","6,90,001","64,12,237","11,30,985","72,30,472","15,37,084",2021-07-16
"77,199","41,18,077","1,36,454","15,26,782","31,10,684","1,37,245","20,13,866","31,461","35,093","22,11,701","2,08,661","67,88,579","19,95,319","10,39,787","9,69,375","14,84,056","52,60,196","46,60,798","62,169","13,010","40,14,121","90,42,920","1,04,020","1,19,748","1,27,508","1,12,838","30,71,920","1,27,803","15,50,517","55,15,589","1,36,099","34,58,016","23,99,366","6,92,203","65,21,498","11,65,577","74,60,076","15,37,622",2021-07-17
"77,305","41,35,345","1,37,391","15,32,179","31,53,703","1,40,240","20,38,503","31,552","35,272","22,16,009","2,11,650","67,89,931","20,19,623","10,39,803","9,91,028","14,92,782","53,05,571","46,83,247","62,182","13,017","40,15,364","90,96,030","1,04,465","1,19,885","1,27,514","1,14,773","30,78,500","1,28,154","15,52,932","56,24,046","1,36,108","34,83,035","24,07,855","6,92,737","65,25,898","11,77,604","75,08,202","15,37,622",2021-07-18
"81,542","43,68,048","1,45,038","15,87,248","32,61,315","1,48,571","21,36,050","32,111","36,242","22,55,149","2,22,451","70,19,612","21,00,748","10,89,926","10,61,657","15,06,797","54,75,128","50,51,565","62,526","13,519","41,30,311","93,56,191","1,16,575","1,34,274","1,49,231","1,22,546","33,48,631","1,32,046","15,62,970","57,45,243","1,39,022","35,68,532","25,45,983","7,10,671","67,64,570","12,40,959","77,93,725","15,39,520",2021-07-20
"81,594","44,15,446","1,48,586","15,95,903","32,67,577","1,52,190","21,46,750","32,330","36,623","22,88,595","2,27,163","70,22,578","21,18,554","10,90,034","10,65,720","15,36,839","55,57,994","50,87,592","62,526","13,713","41,32,215","93,98,141","1,22,381","1,40,944","1,52,596","1,27,080","34,08,325","1,32,725","16,45,775","59,08,869","1,40,802","36,04,425","25,56,298","7,12,852","68,38,114","12,55,384","78,27,137","15,39,569",2021-07-21
"83,658","45,06,214","1,52,550","16,41,219","33,07,609","1,57,001","21,60,208","32,618","37,108","23,14,978","2,32,618","71,73,380","21,53,673","11,16,894","10,70,146","15,59,806","56,77,694","52,44,939","62,844","13,789","43,60,640","94,99,007","1,31,374","1,49,716","1,61,962","1,31,131","34,91,614","1,34,481","16,74,872","61,30,801","1,42,048","36,59,605","26,73,867","7,22,290","69,61,973","12,79,521","79,27,787","15,40,244",2021-07-22
